{
  "timestamp": "2026-04-22T19:29:08.008370",
  "portfolio": {
    "GS": 0.0769230769231374,
    "LLY": 0.07692307692276905,
    "AMZN": 0.0769230769231374,
    "COST": 0.0769230769231374,
    "PLTR": 0.0769230769231374,
    "META": 0.0769230769231374,
    "JPM": 0.0769230769231374,
    "NOW": 0.07692307692296409,
    "MA": 0.0769230769231374,
    "V": 0.0769230769231374,
    "AAPL": 0.0769230769231374,
    "AVGO": 0.07692307692297802,
    "AMD": 0.0769230769230523
  },
  "changes": {
    "added": [
      "GS",
      "LLY",
      "AMZN",
      "COST",
      "PLTR",
      "META",
      "JPM",
      "NOW",
      "MA",
      "V",
      "AAPL",
      "AVGO",
      "AMD"
    ],
    "dropped": [],
    "turnover": 1.0
  },
  "metrics": {
    "expected_return": 0.1474376899773587,
    "risk_score": 0.18366332449984962,
    "risk_adjusted_return": 0.7984134931865086
  }
}